{
  "slot": "atea:attachment/slot/sight_eotech_hhs5_ogl_ftc_nozoom",
  "model": "atea:attachment/sight_eotech_hhs5_ogl_ftc_nozoom_geo",
  "texture": "atea:attachment/uv/sight_eotech_hhs5_ogl_ftc_nozoom",
  "lod": {
    "model": "atea:attachment/lod/sight_eotech_hhs5_ogl_ftc_nozoom_lod",
    "texture": "atea:attachment/lod/sight_eotech_hhs5_ogl_ftc_lod"
  },
  "zoom": [
    1.2,
    1.2
  ],
  "views": [
    2,
    1
  ],
  "views_fov": [
    70.0,
    70.0
  ],
  "scope": false,
  "sight": true,
  "sounds": {
    "install": "tacz:attachments/scope_general_b",
    "uninstall": "tacz:attachments/scope_general_b"
  }
}