{
  "slot": "atea:attachment/slot/sight_vortex_razorhdg3_6t36x56",
  "model": "atea:attachment/sight_vortex_razorhdg3_6t36x56_geo",
  "texture": "atea:attachment/uv/sight_vortex_razorhdg3_6t36x56",
  "lod": {
    "model": "atea:attachment/lod/sight_vortex_razorhdg3_6t36x56_lod",
    "texture": "atea:attachment/lod/sight_vortex_razorhdg3_6t36x56_lod"
  },
  "zoom": [
    6.0,
    12.0,
    36.0,
    1.25
  ],
  "views": [
    2,
    2,
    2,
    1
  ],
  "views_fov": [
    45.0,
    45.0,
    45.0,
    60.0
  ],
  "scope": true,
  "sight": true,
  "sounds": {
    "install": "tacz:attachments/scope_general_a",
    "uninstall": "tacz:attachments/scope_general_a"
  }
}