{
	"format_version": "1.12.0",
	"minecraft:geometry": [
		{
			"description": {
				"identifier": "geometry.buttstock_mxm",
				"texture_width": 64,
				"texture_height": 64,
				"visible_bounds_width": 6,
				"visible_bounds_height": 4,
				"visible_bounds_offset": [0, 1, 0]
			},
			"bones": [
				{
					"name": "MaximDefense_Housing_Gen6w",
					"pivot": [0, 0, 0],
					"cubes": [
						{
							"origin": [-0.3366, -0.8125, -0.5625],
							"size": [0.6732, 1.625, 0.625],
							"pivot": [0, 0, -0.3125],
							"rotation": [0, 0, -45],
							"uv": {
								"north": {"uv": [32, 43], "uv_size": [0.5, 1.5]},
								"south": {"uv": [33, 43], "uv_size": [0.5, 1.5]},
								"up": {"uv": [5, 53], "uv_size": [0.5, 0.5]},
								"down": {"uv": [53, 5.5], "uv_size": [0.5, -0.5]}
							}
						},
						{
							"origin": [-0.8125, -0.25, 0.0625],
							"size": [1.625, 0.5, 0.125],
							"uv": {
								"east": {"uv": [52, 50], "uv_size": [0.5, 0.5]},
								"south": {"uv": [43, 9], "uv_size": [1.5, 0.5]},
								"west": {"uv": [51, 52], "uv_size": [0.5, 0.5]},
								"up": {"uv": [43, 10], "uv_size": [1.5, 0.5]},
								"down": {"uv": [11, 43.5], "uv_size": [1.5, -0.5]}
							}
						},
						{
							"origin": [-0.8125, -0.3366, -0.5625],
							"size": [1.625, 0.6732, 0.625],
							"uv": {
								"north": {"uv": [21, 43], "uv_size": [1.5, 0.5]},
								"east": {"uv": [2, 53], "uv_size": [0.5, 0.5]},
								"south": {"uv": [43, 21], "uv_size": [1.5, 0.5]},
								"west": {"uv": [53, 2], "uv_size": [0.5, 0.5]}
							}
						},
						{
							"origin": [-0.25, -0.8125, 0.0625],
							"size": [0.5, 1.625, 0.125],
							"pivot": [0, 0, 0.09375],
							"rotation": [0, 0, -45],
							"uv": {
								"east": {"uv": [43, 15], "uv_size": [0.5, 1.5]},
								"south": {"uv": [43, 17], "uv_size": [0.5, 1.5]},
								"west": {"uv": [18, 43], "uv_size": [0.5, 1.5]},
								"up": {"uv": [0, 53], "uv_size": [0.5, 0.5]},
								"down": {"uv": [53, 0.5], "uv_size": [0.5, -0.5]}
							}
						},
						{
							"origin": [-0.25, -0.8125, 0.0625],
							"size": [0.5, 1.625, 0.125],
							"uv": {
								"east": {"uv": [19, 43], "uv_size": [0.5, 1.5]},
								"south": {"uv": [43, 19], "uv_size": [0.5, 1.5]},
								"west": {"uv": [20, 43], "uv_size": [0.5, 1.5]},
								"up": {"uv": [1, 53], "uv_size": [0.5, 0.5]},
								"down": {"uv": [53, 1.5], "uv_size": [0.5, -0.5]}
							}
						},
						{
							"origin": [-0.25, -0.8125, 0.0625],
							"size": [0.5, 1.625, 0.125],
							"pivot": [0, 0, 0.09375],
							"rotation": [0, 0, 45],
							"uv": {
								"east": {"uv": [13, 43], "uv_size": [0.5, 1.5]},
								"south": {"uv": [43, 13], "uv_size": [0.5, 1.5]},
								"west": {"uv": [14, 43], "uv_size": [0.5, 1.5]},
								"up": {"uv": [52, 51], "uv_size": [0.5, 0.5]},
								"down": {"uv": [52, 52.5], "uv_size": [0.5, -0.5]}
							}
						},
						{
							"origin": [-0.3366, -0.8125, -0.5625],
							"size": [0.6732, 1.625, 0.625],
							"pivot": [0, 0, -0.3125],
							"rotation": [0, 0, 45],
							"uv": {
								"north": {"uv": [30, 43], "uv_size": [0.5, 1.5]},
								"south": {"uv": [43, 31], "uv_size": [0.5, 1.5]},
								"up": {"uv": [4, 53], "uv_size": [0.5, 0.5]},
								"down": {"uv": [53, 4.5], "uv_size": [0.5, -0.5]}
							}
						},
						{
							"origin": [-0.3366, -0.8125, -0.5625],
							"size": [0.6732, 1.625, 0.625],
							"uv": {
								"north": {"uv": [43, 22], "uv_size": [0.5, 1.5]},
								"south": {"uv": [23, 43], "uv_size": [0.5, 1.5]},
								"up": {"uv": [3, 53], "uv_size": [0.5, 0.5]},
								"down": {"uv": [53, 3.5], "uv_size": [0.5, -0.5]}
							}
						},
						{
							"origin": [-0.6875, -0.2875, 0],
							"size": [1.375, 0.575, 3.5],
							"uv": {
								"east": {"uv": [31, 31], "uv_size": [3.5, 0.5]},
								"south": {"uv": [43, 4], "uv_size": [1.5, 0.5]},
								"west": {"uv": [32, 3], "uv_size": [3.5, 0.5]}
							}
						},
						{
							"origin": [-0.2875, -0.6875, 0],
							"size": [0.575, 1.375, 3.5],
							"uv": {
								"south": {"uv": [43, 11], "uv_size": [0.5, 1.5]},
								"up": {"uv": [32, 4], "uv_size": [0.5, 3.5]},
								"down": {"uv": [32, 11.5], "uv_size": [0.5, -3.5]}
							}
						},
						{
							"origin": [-0.3314, -0.8, -2.8125],
							"size": [0.6628, 1.6, 2.25],
							"uv": {
								"north": {"uv": [24, 43], "uv_size": [0.5, 1.5]},
								"south": {"uv": [43, 24], "uv_size": [0.5, 1.5]},
								"up": {"uv": [37, 12], "uv_size": [0.5, 2.5]},
								"down": {"uv": [14, 39.5], "uv_size": [0.5, -2.5]}
							}
						},
						{
							"origin": [-0.3314, -0.8, -2.8125],
							"size": [0.6628, 1.6, 2.25],
							"pivot": [0, 0, 0],
							"rotation": [0, 0, 45],
							"uv": {
								"north": {"uv": [25, 43], "uv_size": [0.5, 1.5]},
								"south": {"uv": [26, 43], "uv_size": [0.5, 1.5]},
								"up": {"uv": [37, 15], "uv_size": [0.5, 2.5]},
								"down": {"uv": [37, 20.5], "uv_size": [0.5, -2.5]}
							}
						},
						{
							"origin": [-0.3314, -0.8, -2.8125],
							"size": [0.6628, 1.6, 2.25],
							"pivot": [0, 0, 0],
							"rotation": [0, 0, -45],
							"uv": {
								"north": {"uv": [43, 26], "uv_size": [0.5, 1.5]},
								"south": {"uv": [27, 43], "uv_size": [0.5, 1.5]},
								"up": {"uv": [19, 37], "uv_size": [0.5, 2.5]},
								"down": {"uv": [37, 23.5], "uv_size": [0.5, -2.5]}
							}
						},
						{
							"origin": [-0.3314, -0.8, -2.8125],
							"size": [0.6628, 1.6, 2.25],
							"pivot": [0, 0, 0],
							"rotation": [0, 0, 90],
							"uv": {
								"north": {"uv": [28, 43], "uv_size": [0.5, 1.5]},
								"south": {"uv": [29, 43], "uv_size": [0.5, 1.5]},
								"up": {"uv": [22, 37], "uv_size": [0.5, 2.5]},
								"down": {"uv": [26, 39.5], "uv_size": [0.5, -2.5]}
							}
						},
						{
							"origin": [-0.28284, -0.68943, 0],
							"size": [0.56569, 1.37886, 3.5],
							"pivot": [0, 0, 2.0625],
							"rotation": [0, 0, 45],
							"uv": {
								"south": {"uv": [34, 43], "uv_size": [0.5, 1.5]},
								"up": {"uv": [10, 32], "uv_size": [0.5, 3.5]},
								"down": {"uv": [11, 35.5], "uv_size": [0.5, -3.5]}
							}
						},
						{
							"origin": [-0.28284, -0.68943, 0],
							"size": [0.56569, 1.37886, 3.5],
							"pivot": [0, 0, 2.0625],
							"rotation": [0, 0, -45],
							"uv": {
								"south": {"uv": [43, 35], "uv_size": [0.5, 1.5]},
								"up": {"uv": [12, 32], "uv_size": [0.5, 3.5]},
								"down": {"uv": [32, 15.5], "uv_size": [0.5, -3.5]}
							}
						},
						{
							"origin": [-0.55, -1.4, -0.6125],
							"size": [1.1, 0.2875, 0.625],
							"uv": {
								"north": {"uv": [30, 49], "uv_size": [1, 0.5]},
								"east": {"uv": [6, 53], "uv_size": [0.5, 0.5]},
								"south": {"uv": [49, 30], "uv_size": [1, 0.5]},
								"west": {"uv": [53, 6], "uv_size": [0.5, 0.5]},
								"down": {"uv": [49, 31.5], "uv_size": [1, -0.5]}
							}
						},
						{
							"origin": [-0.87201, -1.1125, -0.9375],
							"size": [1.74402, 0.5625, 0.95],
							"uv": {
								"south": {"uv": [43, 28], "uv_size": [1.5, 0.5]},
								"up": {"uv": [33, 15], "uv_size": [1.5, 1]},
								"down": {"uv": [33, 23], "uv_size": [1.5, -1]}
							}
						},
						{
							"origin": [-1.17626, -1.39935, -2.8125],
							"size": [0.2, 0.46191, 0.5],
							"pivot": [0, 0, 0],
							"rotation": [0, 0, -30],
							"uv": {
								"north": {"uv": [7, 53], "uv_size": [0.5, 0.5]},
								"east": {"uv": [53, 7], "uv_size": [0.5, 0.5]},
								"south": {"uv": [8, 53], "uv_size": [0.5, 0.5]}
							}
						},
						{
							"origin": [0.97626, -1.39935, -2.8125],
							"size": [0.2, 0.46191, 0.5],
							"pivot": [0, 0, 0],
							"rotation": [0, 0, 30],
							"uv": {
								"north": {"uv": [53, 8], "uv_size": [0.5, 0.5]},
								"south": {"uv": [9, 53], "uv_size": [0.5, 0.5]},
								"west": {"uv": [53, 9], "uv_size": [0.5, 0.5]}
							}
						},
						{
							"origin": [-0.319, -1.8, -2.8125],
							"size": [0.638, 0.4, 0.5],
							"uv": {
								"north": {"uv": [10, 53], "uv_size": [0.5, 0.5]},
								"down": {"uv": [53, 10.5], "uv_size": [0.5, -0.5]}
							}
						},
						{
							"origin": [-0.319, 0.36239, -2.90797],
							"size": [0.638, 0.28284, 0.56569],
							"pivot": [0, 0, 0],
							"rotation": [45, 0, 0],
							"uv": {
								"east": {"uv": [11, 53], "uv_size": [0.5, 0.5]},
								"west": {"uv": [53, 11], "uv_size": [0.5, 0.5]},
								"down": {"uv": [12, 53.5], "uv_size": [0.5, -0.5]}
							}
						},
						{
							"origin": [-0.55, -1.4, -2.8125],
							"size": [1.1, 0.85, 1.875],
							"uv": {
								"north": {"uv": [35, 21], "uv_size": [1, 1]},
								"east": {"uv": [19, 30], "uv_size": [2, 1]},
								"south": {"uv": [0, 40], "uv_size": [1, 1]},
								"west": {"uv": [21, 30], "uv_size": [2, 1]},
								"down": {"uv": [23, 32], "uv_size": [1, -2]}
							}
						},
						{
							"origin": [-1.45, -0.4, -0.9375],
							"size": [1, 0.2875, 0.1625],
							"uv": {
								"north": {"uv": [49, 32], "uv_size": [1, 0.5]},
								"east": {"uv": [53, 12], "uv_size": [0.5, 0.5]},
								"south": {"uv": [34, 49], "uv_size": [1, 0.5]},
								"west": {"uv": [13, 53], "uv_size": [0.5, 0.5]},
								"up": {"uv": [35, 49], "uv_size": [1, 0.5]},
								"down": {"uv": [49, 35.5], "uv_size": [1, -0.5]}
							}
						},
						{
							"origin": [0.425, -2.025, -0.9375],
							"size": [0.125, 0.625, 0.1625],
							"uv": {
								"north": {"uv": [53, 13], "uv_size": [0.5, 0.5]},
								"east": {"uv": [14, 53], "uv_size": [0.5, 0.5]},
								"south": {"uv": [53, 14], "uv_size": [0.5, 0.5]},
								"west": {"uv": [15, 53], "uv_size": [0.5, 0.5]},
								"down": {"uv": [53, 15.5], "uv_size": [0.5, -0.5]}
							}
						},
						{
							"origin": [0.55, -2.025, -1.3625],
							"size": [0.125, 0.5, 0.75],
							"uv": {
								"north": {"uv": [16, 53], "uv_size": [0.5, 0.5]},
								"east": {"uv": [36, 49], "uv_size": [1, 0.5]},
								"south": {"uv": [53, 16], "uv_size": [0.5, 0.5]},
								"west": {"uv": [49, 36], "uv_size": [1, 0.5]},
								"up": {"uv": [49, 37], "uv_size": [0.5, 1]},
								"down": {"uv": [49, 39], "uv_size": [0.5, -1]}
							}
						},
						{
							"origin": [-0.55, -1.4, -0.775],
							"size": [1, 0.2875, 0.1625],
							"uv": {
								"north": {"uv": [49, 39], "uv_size": [1, 0.5]},
								"east": {"uv": [17, 53], "uv_size": [0.5, 0.5]},
								"south": {"uv": [40, 49], "uv_size": [1, 0.5]},
								"west": {"uv": [53, 17], "uv_size": [0.5, 0.5]},
								"up": {"uv": [49, 40], "uv_size": [1, 0.5]},
								"down": {"uv": [49, 41.5], "uv_size": [1, -0.5]}
							}
						},
						{
							"origin": [-0.55, -1.75, -0.75],
							"size": [0.125, 0.35, 0.125],
							"uv": {
								"north": {"uv": [18, 53], "uv_size": [0.5, 0.5]},
								"east": {"uv": [53, 18], "uv_size": [0.5, 0.5]},
								"south": {"uv": [19, 53], "uv_size": [0.5, 0.5]},
								"west": {"uv": [53, 19], "uv_size": [0.5, 0.5]},
								"down": {"uv": [20, 53.5], "uv_size": [0.5, -0.5]}
							}
						},
						{
							"origin": [-0.44893, -1.39946, -0.6125],
							"size": [0.625, 0.16101, 0.625],
							"pivot": [0, 0, 0],
							"rotation": [0, 0, 30],
							"uv": {
								"north": {"uv": [53, 20], "uv_size": [0.5, 0.5]},
								"south": {"uv": [21, 53], "uv_size": [0.5, 0.5]},
								"down": {"uv": [53, 21.5], "uv_size": [0.5, -0.5]}
							}
						},
						{
							"origin": [-0.44893, -1.39946, -0.9375],
							"size": [0.25, 0.26926, 0.325],
							"pivot": [0, 0, 0],
							"rotation": [0, 0, 30],
							"uv": {
								"down": {"uv": [22, 53.5], "uv_size": [0.5, -0.5]}
							}
						},
						{
							"origin": [-0.44893, -1.39946, -2.4375],
							"size": [0.625, 0.26926, 1.5],
							"pivot": [0, 0, 0],
							"rotation": [0, 0, 30],
							"uv": {
								"south": {"uv": [53, 22], "uv_size": [0.5, 0.5]},
								"down": {"uv": [43, 38.5], "uv_size": [0.5, -1.5]}
							}
						},
						{
							"origin": [-1.08851, -0.9875, -2.4375],
							"size": [0.2165, 0.37504, 2.45],
							"uv": {
								"north": {"uv": [23, 53], "uv_size": [0.5, 0.5]},
								"east": {"uv": [37, 24], "uv_size": [2.5, 0.5]},
								"south": {"uv": [53, 23], "uv_size": [0.5, 0.5]}
							}
						},
						{
							"origin": [-0.17607, -1.39946, -0.6125],
							"size": [0.625, 0.16101, 0.625],
							"pivot": [0, 0, 0],
							"rotation": [0, 0, -30],
							"uv": {
								"north": {"uv": [24, 53], "uv_size": [0.5, 0.5]},
								"south": {"uv": [53, 24], "uv_size": [0.5, 0.5]},
								"down": {"uv": [25, 53.5], "uv_size": [0.5, -0.5]}
							}
						},
						{
							"origin": [0.19893, -1.39946, -0.9375],
							"size": [0.25, 0.26926, 0.325],
							"pivot": [0, 0, 0],
							"rotation": [0, 0, -30],
							"uv": {
								"down": {"uv": [53, 25.5], "uv_size": [0.5, -0.5]}
							}
						},
						{
							"origin": [-0.17607, -1.39946, -2.4375],
							"size": [0.625, 0.26926, 1.5],
							"pivot": [0, 0, 0],
							"rotation": [0, 0, -30],
							"uv": {
								"south": {"uv": [26, 53], "uv_size": [0.5, 0.5]},
								"down": {"uv": [43, 40.5], "uv_size": [0.5, -1.5]}
							}
						},
						{
							"origin": [0.87201, -0.9875, -2.4375],
							"size": [0.2165, 0.37504, 2.45],
							"uv": {
								"north": {"uv": [53, 26], "uv_size": [0.5, 0.5]},
								"south": {"uv": [27, 53], "uv_size": [0.5, 0.5]},
								"west": {"uv": [37, 25], "uv_size": [2.5, 0.5]}
							}
						},
						{
							"origin": [-1.54871, -1.39946, -2.3354],
							"size": [0.71874, 0.65, 0.31249],
							"pivot": [0, 0, 0],
							"rotation": [0, -30, -30],
							"uv": {
								"north": {"uv": [53, 27], "uv_size": [0.5, 0.5]},
								"down": {"uv": [28, 53.5], "uv_size": [0.5, -0.5]}
							}
						},
						{
							"origin": [0.71352, -0.61246, -1.3125],
							"size": [0.37499, 0.5, 1.325],
							"pivot": [1.08851, -0.61246, -1.3125],
							"rotation": [0, 0, -35],
							"uv": {
								"south": {"uv": [53, 28], "uv_size": [0.5, 0.5]},
								"west": {"uv": [43, 41], "uv_size": [1.5, 0.5]}
							}
						},
						{
							"origin": [1.01352, 0.12451, -2.8125],
							"size": [0.07499, 0.25, 0.375],
							"pivot": [1.08851, -0.61246, -0.5625],
							"rotation": [0, 0, -16.99698],
							"uv": {
								"north": {"uv": [29, 53], "uv_size": [0.5, 0.5]},
								"west": {"uv": [53, 29], "uv_size": [0.5, 0.5]}
							}
						},
						{
							"origin": [0.43559, -0.73458, -2.8125],
							"size": [0.43749, 0.8269, 0.33422],
							"pivot": [0.87308, 0.09232, -2.8125],
							"rotation": [26.96866, 0, -16.99698],
							"uv": {
								"north": {"uv": [49, 42], "uv_size": [0.5, 1]},
								"west": {"uv": [49, 43], "uv_size": [0.5, 1]}
							}
						},
						{
							"origin": [0.71352, -0.61246, -2.4375],
							"size": [0.37499, 0.98698, 1.125],
							"pivot": [1.08851, -0.61246, -0.5625],
							"rotation": [0, 0, -16.99698],
							"uv": {
								"south": {"uv": [49, 44], "uv_size": [0.5, 1]},
								"west": {"uv": [40, 0], "uv_size": [1, 1]}
							}
						},
						{
							"origin": [-1.08851, -0.61246, -2.4375],
							"size": [0.37499, 0.98698, 1.125],
							"pivot": [-1.08851, -0.61246, -0.5625],
							"rotation": [0, 0, 16.99698],
							"uv": {
								"east": {"uv": [40, 1], "uv_size": [1, 1]},
								"south": {"uv": [49, 45], "uv_size": [0.5, 1]}
							}
						},
						{
							"origin": [-0.87308, -0.73458, -2.8125],
							"size": [0.43749, 0.8269, 0.33422],
							"pivot": [-0.87308, 0.09232, -2.8125],
							"rotation": [26.96866, 0, 16.99698],
							"uv": {
								"north": {"uv": [49, 46], "uv_size": [0.5, 1]},
								"east": {"uv": [47, 49], "uv_size": [0.5, 1]}
							}
						},
						{
							"origin": [-1.08851, 0.12451, -2.8125],
							"size": [0.07499, 0.25, 0.375],
							"pivot": [-1.08851, -0.61246, -0.5625],
							"rotation": [0, 0, 16.99698],
							"uv": {
								"north": {"uv": [30, 53], "uv_size": [0.5, 0.5]},
								"east": {"uv": [53, 30], "uv_size": [0.5, 0.5]}
							}
						},
						{
							"origin": [-1.08851, -0.61246, -1.3125],
							"size": [0.37499, 0.5, 1.325],
							"pivot": [-1.08851, -0.61246, -1.3125],
							"rotation": [0, 0, 35],
							"uv": {
								"east": {"uv": [43, 42], "uv_size": [1.5, 0.5]},
								"south": {"uv": [31, 53], "uv_size": [0.5, 0.5]}
							}
						},
						{
							"origin": [0.82997, -1.39946, -2.3354],
							"size": [0.71874, 0.65, 0.31249],
							"pivot": [0, 0, 0],
							"rotation": [0, 30, 30],
							"uv": {
								"north": {"uv": [53, 31], "uv_size": [0.5, 0.5]},
								"down": {"uv": [32, 53.5], "uv_size": [0.5, -0.5]}
							}
						}
					]
				},
				{
					"name": "MaximDefense_EXC",
					"parent": "MaximDefense_Housing_Gen6w",
					"pivot": [0, 0, 4.875],
					"cubes": [
						{
							"origin": [-0.3365, 0.6875, 3.4875],
							"size": [0.673, 0.125, 3.5],
							"uv": {
								"north": {"uv": [53, 32], "uv_size": [0.5, 0.5]},
								"south": {"uv": [33, 53], "uv_size": [0.5, 0.5]},
								"up": {"uv": [13, 32], "uv_size": [0.5, 3.5]},
								"down": {"uv": [15, 35.5], "uv_size": [0.5, -3.5]}
							}
						},
						{
							"origin": [-1.0875, -0.83, 5.2375],
							"size": [0.5, 0.155, 0.125],
							"uv": {
								"east": {"uv": [53, 33], "uv_size": [0.5, 0.5]},
								"west": {"uv": [34, 53], "uv_size": [0.5, 0.5]}
							}
						},
						{
							"origin": [-1.0875, -1.15373, 4.6114],
							"size": [0.5, 0.4002, 0.09839],
							"pivot": [0, 0, 4.75],
							"rotation": [38.6598, 0, 0],
							"uv": {
								"north": {"uv": [53, 34], "uv_size": [0.5, 0.5]},
								"east": {"uv": [35, 53], "uv_size": [0.5, 0.5]},
								"west": {"uv": [53, 35], "uv_size": [0.5, 0.5]}
							}
						},
						{
							"origin": [-1.0875, -0.675, 5.1125],
							"size": [0.5, 0.0625, 0.25],
							"uv": {
								"north": {"uv": [36, 53], "uv_size": [0.5, 0.5]},
								"east": {"uv": [53, 36], "uv_size": [0.5, 0.5]},
								"west": {"uv": [37, 53], "uv_size": [0.5, 0.5]},
								"up": {"uv": [53, 37], "uv_size": [0.5, 0.5]}
							}
						},
						{
							"origin": [-0.86484, -0.89993, 5.1125],
							"size": [0.125, 0.0625, 1.475],
							"pivot": [0, 0, 4.75],
							"rotation": [0, 0, 16.75],
							"uv": {
								"east": {"uv": [43, 43], "uv_size": [1.5, 0.5]},
								"west": {"uv": [0, 44], "uv_size": [1.5, 0.5]},
								"up": {"uv": [40, 43], "uv_size": [0.5, 1.5]}
							}
						},
						{
							"origin": [-0.31582, 0.68708, 3.4875],
							"size": [0.6524, 0.12539, 3.5],
							"pivot": [0, 0, 4.875],
							"rotation": [0, 0, -45],
							"uv": {
								"north": {"uv": [38, 53], "uv_size": [0.5, 0.5]},
								"east": {"uv": [32, 16], "uv_size": [3.5, 0.5]},
								"south": {"uv": [53, 38], "uv_size": [0.5, 0.5]},
								"up": {"uv": [16, 32], "uv_size": [0.5, 3.5]},
								"down": {"uv": [17, 35.5], "uv_size": [0.5, -3.5]}
							}
						},
						{
							"origin": [-1.0875, -0.9875, 5.3625],
							"size": [0.5, 0.375, 1.625],
							"uv": {
								"east": {"uv": [44, 0], "uv_size": [1.5, 0.5]},
								"south": {"uv": [39, 53], "uv_size": [0.5, 0.5]},
								"west": {"uv": [44, 1], "uv_size": [1.5, 0.5]}
							}
						},
						{
							"origin": [-0.86484, -0.45633, 3.4875],
							"size": [0.125, 0.5625, 0.2],
							"pivot": [0, 0, 4.875],
							"rotation": [0, 0, 16.75],
							"uv": {
								"north": {"uv": [53, 39], "uv_size": [0.5, 0.5]},
								"east": {"uv": [40, 53], "uv_size": [0.5, 0.5]},
								"south": {"uv": [53, 40], "uv_size": [0.5, 0.5]},
								"west": {"uv": [41, 53], "uv_size": [0.5, 0.5]}
							}
						},
						{
							"origin": [-1.28032, 0.18452, -3.6375],
							"size": [0.375, 0.2166, 10.5],
							"pivot": [0, 0, 4.875],
							"rotation": [0, 0, -60],
							"uv": {
								"north": {"uv": [53, 41], "uv_size": [0.5, 0.5]},
								"east": {"uv": [0, 12], "uv_size": [10.5, 0.5]},
								"west": {"uv": [11, 12], "uv_size": [10.5, 0.5]}
							}
						},
						{
							"origin": [0.10532, -1.20112, -3.6375],
							"size": [0.375, 0.2166, 10.5],
							"pivot": [0, 0, 4.875],
							"rotation": [0, 0, 60],
							"uv": {
								"north": {"uv": [42, 53], "uv_size": [0.5, 0.5]},
								"east": {"uv": [0, 13], "uv_size": [10.5, 0.5]},
								"west": {"uv": [11, 13], "uv_size": [10.5, 0.5]}
							}
						},
						{
							"origin": [-0.9875, -0.9083, -3.6375],
							"size": [0.375, 0.2166, 10.5],
							"uv": {
								"north": {"uv": [53, 42], "uv_size": [0.5, 0.5]},
								"east": {"uv": [0, 14], "uv_size": [10.5, 0.5]},
								"west": {"uv": [11, 14], "uv_size": [10.5, 0.5]}
							}
						},
						{
							"origin": [0.5875, -0.83, 5.2375],
							"size": [0.5, 0.155, 0.125],
							"uv": {
								"east": {"uv": [43, 53], "uv_size": [0.5, 0.5]},
								"west": {"uv": [53, 43], "uv_size": [0.5, 0.5]}
							}
						},
						{
							"origin": [0.5875, -1.15373, 4.6114],
							"size": [0.5, 0.4002, 0.09839],
							"pivot": [0, 0, 4.75],
							"rotation": [38.6598, 0, 0],
							"uv": {
								"north": {"uv": [44, 53], "uv_size": [0.5, 0.5]},
								"east": {"uv": [53, 44], "uv_size": [0.5, 0.5]},
								"west": {"uv": [45, 53], "uv_size": [0.5, 0.5]}
							}
						},
						{
							"origin": [0.5875, -0.675, 5.1125],
							"size": [0.5, 0.0625, 0.25],
							"uv": {
								"north": {"uv": [53, 45], "uv_size": [0.5, 0.5]},
								"east": {"uv": [46, 53], "uv_size": [0.5, 0.5]},
								"west": {"uv": [53, 46], "uv_size": [0.5, 0.5]},
								"up": {"uv": [47, 53], "uv_size": [0.5, 0.5]}
							}
						},
						{
							"origin": [0.73019, -0.6109, 6.5875],
							"size": [0.125, 0.77, 0.19569],
							"pivot": [0.85519, 0.15939, 6.5875],
							"rotation": [-15, 0, -16.75],
							"uv": {
								"north": {"uv": [49, 47], "uv_size": [0.5, 1]},
								"east": {"uv": [48, 49], "uv_size": [0.5, 1]},
								"west": {"uv": [49, 48], "uv_size": [0.5, 1]}
							}
						},
						{
							"origin": [0.73984, -0.89993, 5.1125],
							"size": [0.125, 0.0625, 1.475],
							"pivot": [0, 0, 4.75],
							"rotation": [0, 0, -16.75],
							"uv": {
								"east": {"uv": [4, 44], "uv_size": [1.5, 0.5]},
								"west": {"uv": [44, 5], "uv_size": [1.5, 0.5]},
								"up": {"uv": [2, 44], "uv_size": [0.5, 1.5]}
							}
						},
						{
							"origin": [0.73984, -0.83743, 5.1295],
							"size": [0.125, 0.0676, 0.2659],
							"pivot": [0, 0, 4.75],
							"rotation": [0, 0, -16.75],
							"uv": {
								"east": {"uv": [53, 47], "uv_size": [0.5, 0.5]},
								"west": {"uv": [48, 53], "uv_size": [0.5, 0.5]}
							}
						},
						{
							"origin": [0.73984, -0.89993, 6.5875],
							"size": [0.125, 1.0061, 0.4],
							"pivot": [0, 0, 4.875],
							"rotation": [0, 0, -16.75],
							"uv": {
								"north": {"uv": [49, 49], "uv_size": [0.5, 1]},
								"east": {"uv": [50, 0], "uv_size": [0.5, 1]},
								"south": {"uv": [1, 50], "uv_size": [0.5, 1]},
								"west": {"uv": [50, 1], "uv_size": [0.5, 1]}
							}
						},
						{
							"origin": [-0.86484, -0.89993, 6.5875],
							"size": [0.125, 1.0061, 0.4],
							"pivot": [0, 0, 4.875],
							"rotation": [0, 0, 16.75],
							"uv": {
								"north": {"uv": [2, 50], "uv_size": [0.5, 1]},
								"east": {"uv": [50, 2], "uv_size": [0.5, 1]},
								"south": {"uv": [4, 50], "uv_size": [0.5, 1]},
								"west": {"uv": [5, 50], "uv_size": [0.5, 1]}
							}
						},
						{
							"origin": [-0.33658, 0.68708, 3.4875],
							"size": [0.6524, 0.12539, 3.5],
							"pivot": [0, 0, 4.875],
							"rotation": [0, 0, 45],
							"uv": {
								"north": {"uv": [53, 48], "uv_size": [0.5, 0.5]},
								"south": {"uv": [49, 53], "uv_size": [0.5, 0.5]},
								"west": {"uv": [32, 17], "uv_size": [3.5, 0.5]},
								"up": {"uv": [18, 32], "uv_size": [0.5, 3.5]},
								"down": {"uv": [32, 21.5], "uv_size": [0.5, -3.5]}
							}
						},
						{
							"origin": [0.5875, -0.9875, 5.3625],
							"size": [0.5, 0.375, 1.625],
							"uv": {
								"east": {"uv": [6, 44], "uv_size": [1.5, 0.5]},
								"south": {"uv": [53, 49], "uv_size": [0.5, 0.5]},
								"west": {"uv": [44, 6], "uv_size": [1.5, 0.5]}
							}
						},
						{
							"origin": [0.69779, -1.07953, 5.3625],
							"size": [0.27941, 0.55907, 1.625],
							"pivot": [0.8375, -0.8, 6.175],
							"rotation": [0, 0, -26.575],
							"uv": {
								"north": {"uv": [50, 53], "uv_size": [0.5, 0.5]},
								"south": {"uv": [53, 50], "uv_size": [0.5, 0.5]},
								"up": {"uv": [44, 7], "uv_size": [0.5, 1.5]},
								"down": {"uv": [8, 45.5], "uv_size": [0.5, -1.5]}
							}
						},
						{
							"origin": [0.69779, -1.07953, 5.3625],
							"size": [0.27941, 0.55907, 1.625],
							"pivot": [0.8375, -0.8, 6.175],
							"rotation": [0, 0, 26.575],
							"uv": {
								"north": {"uv": [51, 53], "uv_size": [0.5, 0.5]},
								"south": {"uv": [53, 51], "uv_size": [0.5, 0.5]},
								"up": {"uv": [9, 44], "uv_size": [0.5, 1.5]},
								"down": {"uv": [10, 45.5], "uv_size": [0.5, -1.5]}
							}
						},
						{
							"origin": [-0.97721, -1.07953, 5.3625],
							"size": [0.27941, 0.55907, 1.625],
							"pivot": [-0.8375, -0.8, 6.175],
							"rotation": [0, 0, 26.575],
							"uv": {
								"north": {"uv": [52, 53], "uv_size": [0.5, 0.5]},
								"south": {"uv": [53, 52], "uv_size": [0.5, 0.5]},
								"up": {"uv": [11, 44], "uv_size": [0.5, 1.5]},
								"down": {"uv": [44, 12.5], "uv_size": [0.5, -1.5]}
							}
						},
						{
							"origin": [-0.97721, -1.07953, 5.3625],
							"size": [0.27941, 0.55907, 1.625],
							"pivot": [-0.8375, -0.8, 6.175],
							"rotation": [0, 0, -26.575],
							"uv": {
								"north": {"uv": [53, 53], "uv_size": [0.5, 0.5]},
								"south": {"uv": [0, 54], "uv_size": [0.5, 0.5]},
								"up": {"uv": [12, 44], "uv_size": [0.5, 1.5]},
								"down": {"uv": [44, 14.5], "uv_size": [0.5, -1.5]}
							}
						},
						{
							"origin": [0.73984, -0.45633, 3.4875],
							"size": [0.125, 0.5625, 0.2],
							"pivot": [0, 0, 4.875],
							"rotation": [0, 0, -16.75],
							"uv": {
								"north": {"uv": [54, 0], "uv_size": [0.5, 0.5]},
								"east": {"uv": [1, 54], "uv_size": [0.5, 0.5]},
								"south": {"uv": [54, 1], "uv_size": [0.5, 0.5]},
								"west": {"uv": [2, 54], "uv_size": [0.5, 0.5]}
							}
						},
						{
							"origin": [0.9625, -0.6125, 3.42804],
							"size": [0.125, 0.2, 1.68446],
							"pivot": [1.0875, -0.6125, 5.1125],
							"rotation": [-15.26861, 0, -16.75],
							"uv": {
								"east": {"uv": [15, 44], "uv_size": [1.5, 0.5]},
								"west": {"uv": [44, 15], "uv_size": [1.5, 0.5]},
								"up": {"uv": [44, 16], "uv_size": [0.5, 1.5]},
								"down": {"uv": [17, 45.5], "uv_size": [0.5, -1.5]}
							}
						},
						{
							"origin": [-0.85519, -0.6109, 6.5875],
							"size": [0.125, 0.77, 0.19569],
							"pivot": [-0.85519, 0.15939, 6.5875],
							"rotation": [-15, 0, 16.75],
							"uv": {
								"north": {"uv": [50, 5], "uv_size": [0.5, 1]},
								"east": {"uv": [6, 50], "uv_size": [0.5, 1]},
								"west": {"uv": [50, 7], "uv_size": [0.5, 1]}
							}
						},
						{
							"origin": [-1.0875, -0.47771, 5.1125],
							"size": [0.125, 0.06521, 0.4954],
							"pivot": [-1.0875, -0.6125, 5.1125],
							"rotation": [-15.26861, 0, 16.75],
							"uv": {
								"east": {"uv": [54, 2], "uv_size": [0.5, 0.5]},
								"west": {"uv": [3, 54], "uv_size": [0.5, 0.5]},
								"up": {"uv": [54, 3], "uv_size": [0.5, 0.5]}
							}
						},
						{
							"origin": [-0.86484, -0.83743, 5.1295],
							"size": [0.125, 0.0676, 0.2659],
							"pivot": [0, 0, 4.75],
							"rotation": [0, 0, 16.75],
							"uv": {
								"east": {"uv": [4, 54], "uv_size": [0.5, 0.5]},
								"west": {"uv": [54, 4], "uv_size": [0.5, 0.5]}
							}
						},
						{
							"origin": [-1.0875, -0.6125, 3.42804],
							"size": [0.125, 0.2, 1.68446],
							"pivot": [-1.0875, -0.6125, 5.1125],
							"rotation": [-15.26861, 0, 16.75],
							"uv": {
								"east": {"uv": [44, 18], "uv_size": [1.5, 0.5]},
								"west": {"uv": [44, 19], "uv_size": [1.5, 0.5]},
								"up": {"uv": [21, 44], "uv_size": [0.5, 1.5]},
								"down": {"uv": [22, 45.5], "uv_size": [0.5, -1.5]}
							}
						},
						{
							"origin": [0.9625, -0.47771, 5.1125],
							"size": [0.125, 0.06521, 0.4954],
							"pivot": [1.0875, -0.6125, 5.1125],
							"rotation": [-15.26861, 0, -16.75],
							"uv": {
								"east": {"uv": [5, 54], "uv_size": [0.5, 0.5]},
								"west": {"uv": [54, 5], "uv_size": [0.5, 0.5]},
								"up": {"uv": [6, 54], "uv_size": [0.5, 0.5]}
							}
						},
						{
							"origin": [0.90532, 0.18452, -3.6375],
							"size": [0.375, 0.2166, 10.5],
							"pivot": [0, 0, 4.875],
							"rotation": [0, 0, 60],
							"uv": {
								"north": {"uv": [54, 6], "uv_size": [0.5, 0.5]},
								"east": {"uv": [0, 15], "uv_size": [10.5, 0.5]},
								"west": {"uv": [11, 15], "uv_size": [10.5, 0.5]}
							}
						},
						{
							"origin": [-0.48032, -1.20112, -3.6375],
							"size": [0.375, 0.2166, 10.5],
							"pivot": [0, 0, 4.875],
							"rotation": [0, 0, -60],
							"uv": {
								"north": {"uv": [7, 54], "uv_size": [0.5, 0.5]},
								"east": {"uv": [0, 16], "uv_size": [10.5, 0.5]},
								"west": {"uv": [11, 16], "uv_size": [10.5, 0.5]}
							}
						},
						{
							"origin": [0.6125, -0.9083, -3.6375],
							"size": [0.375, 0.2166, 10.5],
							"uv": {
								"north": {"uv": [54, 7], "uv_size": [0.5, 0.5]},
								"east": {"uv": [0, 17], "uv_size": [10.5, 0.5]},
								"west": {"uv": [11, 17], "uv_size": [10.5, 0.5]}
							}
						}
					]
				}
			]
		}
	]
}