{
	"format_version": "1.12.0",
	"minecraft:geometry": [
		{
			"description": {
				"identifier": "geometry.sight_eotech_eflx",
				"texture_width": 16,
				"texture_height": 16,
				"visible_bounds_width": 22,
				"visible_bounds_height": 10,
				"visible_bounds_offset": [0, 0, 0]
			},
			"bones": [
				{
					"name": "scope_view",
					"pivot": [0, 0.7628, 7.25]
				},
				{
					"name": "division",
					"pivot": [0, 0, 0]
				},
				{
					"name": "crosshair_illuminated",
					"parent": "division",
					"pivot": [0, 0, 0],
					"cubes": [
						{
							"origin": [-0.03533, 0.72753, -11],
							"size": [0.0707, 0.0707, 0.025],
							"pivot": [0.00002, 0.7628, -1],
							"rotation": [0, 0, 45],
							"uv": {
								"south": {"uv": [11, 5], "uv_size": [0.5, 0.5]}
							}
						}
					]
				},
				{
					"name": "ocular",
					"pivot": [0, 1.12893, -1.11201],
					"cubes": [
						{
							"origin": [-0.65, 0.29143, -2.12201],
							"size": [1.3, 0.9, 0.02],
							"pivot": [0, 0.74143, -2.11201],
							"rotation": [-10, 0, 0],
							"uv": {
								"south": {"uv": [0, 3], "uv_size": [1.5, 1]}
							}
						}
					]
				},
				{
					"name": "scope_body",
					"pivot": [0, 0, 1]
				},
				{
					"name": "EOTech_EFLX",
					"parent": "scope_body",
					"pivot": [0, -3.525, 4.3],
					"cubes": [
						{
							"origin": [-0.75, 0, -2.15],
							"size": [1.5, 0.3, 1.2],
							"uv": {
								"east": {"uv": [0, 8], "uv_size": [1, 0.5]},
								"west": {"uv": [4, 10], "uv_size": [1, 0.5]},
								"up": {"uv": [2, 3], "uv_size": [1.5, 1]},
								"down": {"uv": [0, 5], "uv_size": [1.5, -1]}
							}
						},
						{
							"origin": [0.75, 0.125, -2.05],
							"size": [0.05, 0.375, 0.75],
							"uv": {
								"north": {"uv": [12, 0], "uv_size": [0.5, 0.5]},
								"south": {"uv": [1, 12], "uv_size": [0.5, 0.5]},
								"west": {"uv": [10, 4], "uv_size": [1, 0.5]},
								"up": {"uv": [5, 10], "uv_size": [0.5, 1]},
								"down": {"uv": [10, 6], "uv_size": [0.5, -1]}
							}
						},
						{
							"origin": [0.57101, 1.10275, -2.15],
							"size": [0.1414, 0.1414, 0.6],
							"pivot": [0, -0.3875, -1],
							"rotation": [0, 0, -45],
							"uv": {
								"north": {"uv": [12, 1], "uv_size": [0.5, 0.5]},
								"south": {"uv": [2, 12], "uv_size": [0.5, 0.5]},
								"up": {"uv": [12, 2], "uv_size": [0.5, 0.5]},
								"down": {"uv": [3, 12.5], "uv_size": [0.5, -0.5]}
							}
						},
						{
							"origin": [-0.71241, 1.10275, -2.15],
							"size": [0.1414, 0.1414, 0.6],
							"pivot": [0, -0.3875, -1],
							"rotation": [0, 0, 45],
							"uv": {
								"north": {"uv": [12, 3], "uv_size": [0.5, 0.5]},
								"south": {"uv": [4, 12], "uv_size": [0.5, 0.5]},
								"up": {"uv": [12, 4], "uv_size": [0.5, 0.5]},
								"down": {"uv": [5, 12.5], "uv_size": [0.5, -0.5]}
							}
						},
						{
							"origin": [-0.65, 1.17, -2.15],
							"size": [1.3, 0.1, 0.6],
							"uv": {
								"north": {"uv": [4, 8], "uv_size": [1.5, 0.5]},
								"south": {"uv": [8, 4], "uv_size": [1.5, 0.5]},
								"up": {"uv": [8, 5], "uv_size": [1.5, 0.5]},
								"down": {"uv": [6, 8.5], "uv_size": [1.5, -0.5]}
							}
						},
						{
							"origin": [0.65, 0.06381, -2.40298],
							"size": [0.1, 0.88283, 0.175],
							"pivot": [0, -0.3875, -1],
							"rotation": [-10, 0, 0],
							"uv": {
								"north": {"uv": [6, 10], "uv_size": [0.5, 1]},
								"east": {"uv": [10, 6], "uv_size": [0.5, 1]},
								"west": {"uv": [7, 10], "uv_size": [0.5, 1]}
							}
						},
						{
							"origin": [0.65, 0.3, -2.15],
							"size": [0.1, 0.87, 0.6],
							"uv": {
								"east": {"uv": [8, 10], "uv_size": [0.5, 1]},
								"south": {"uv": [10, 8], "uv_size": [0.5, 1]},
								"west": {"uv": [9, 10], "uv_size": [0.5, 1]}
							}
						},
						{
							"origin": [0.65, -0.0781, -2.3371],
							"size": [0.1, 0.25, 0.5],
							"pivot": [0, -0.3875, -1],
							"rotation": [-45, 0, 0],
							"uv": {
								"east": {"uv": [12, 5], "uv_size": [0.5, 0.5]},
								"west": {"uv": [6, 12], "uv_size": [0.5, 0.5]},
								"up": {"uv": [12, 6], "uv_size": [0.5, 0.5]}
							}
						},
						{
							"origin": [0.65, 0.3, -1.55],
							"size": [0.1, 0.3, 0.6],
							"uv": {
								"east": {"uv": [7, 12], "uv_size": [0.5, 0.5]},
								"west": {"uv": [12, 7], "uv_size": [0.5, 0.5]},
								"up": {"uv": [8, 12], "uv_size": [0.5, 0.5]}
							}
						},
						{
							"origin": [0.63982, 0.475, -1.13293],
							"size": [0.1, 0.125, 0.075],
							"pivot": [0, -0.3875, -1],
							"rotation": [0, -14, 0],
							"uv": {
								"east": {"uv": [12, 8], "uv_size": [0.5, 0.5]},
								"west": {"uv": [9, 12], "uv_size": [0.5, 0.5]},
								"up": {"uv": [12, 9], "uv_size": [0.5, 0.5]}
							}
						},
						{
							"origin": [0.63982, 0, -1.13293],
							"size": [0.1, 0.475, 0.4],
							"pivot": [0, -0.3875, -1],
							"rotation": [0, -14, 0],
							"uv": {
								"east": {"uv": [10, 12], "uv_size": [0.5, 0.5]},
								"west": {"uv": [12, 10], "uv_size": [0.5, 0.5]},
								"down": {"uv": [11, 12.5], "uv_size": [0.5, -0.5]}
							}
						},
						{
							"origin": [0.63982, 0.38865, -1.40797],
							"size": [0.1, 0.125, 0.35],
							"pivot": [0, -0.3875, -1],
							"rotation": [-21, -14, 0],
							"uv": {
								"east": {"uv": [12, 11], "uv_size": [0.5, 0.5]},
								"west": {"uv": [12, 12], "uv_size": [0.5, 0.5]},
								"up": {"uv": [0, 13], "uv_size": [0.5, 0.5]}
							}
						},
						{
							"origin": [-0.75, 0.06381, -2.40298],
							"size": [0.1, 0.88283, 0.175],
							"pivot": [0, -0.3875, -1],
							"rotation": [-10, 0, 0],
							"uv": {
								"north": {"uv": [10, 9], "uv_size": [0.5, 1]},
								"east": {"uv": [10, 10], "uv_size": [0.5, 1]},
								"west": {"uv": [0, 11], "uv_size": [0.5, 1]}
							}
						},
						{
							"origin": [-0.75, 0.3, -1.55],
							"size": [0.1, 0.3, 0.6],
							"uv": {
								"east": {"uv": [13, 0], "uv_size": [0.5, 0.5]},
								"west": {"uv": [1, 13], "uv_size": [0.5, 0.5]},
								"up": {"uv": [13, 1], "uv_size": [0.5, 0.5]}
							}
						},
						{
							"origin": [-0.73982, 0.475, -1.13292],
							"size": [0.1, 0.125, 0.075],
							"pivot": [0, -0.3875, -1],
							"rotation": [0, 14, 0],
							"uv": {
								"east": {"uv": [2, 13], "uv_size": [0.5, 0.5]},
								"west": {"uv": [13, 2], "uv_size": [0.5, 0.5]},
								"up": {"uv": [3, 13], "uv_size": [0.5, 0.5]}
							}
						},
						{
							"origin": [-0.73983, 0.38865, -1.40796],
							"size": [0.1, 0.125, 0.35],
							"pivot": [0, -0.3875, -1],
							"rotation": [-21, 14, 0],
							"uv": {
								"east": {"uv": [13, 3], "uv_size": [0.5, 0.5]},
								"west": {"uv": [4, 13], "uv_size": [0.5, 0.5]},
								"up": {"uv": [13, 4], "uv_size": [0.5, 0.5]}
							}
						},
						{
							"origin": [-0.73982, 0, -1.13292],
							"size": [0.1, 0.475, 0.4],
							"pivot": [0, -0.3875, -1],
							"rotation": [0, 14, 0],
							"uv": {
								"east": {"uv": [5, 13], "uv_size": [0.5, 0.5]},
								"west": {"uv": [13, 5], "uv_size": [0.5, 0.5]},
								"down": {"uv": [6, 13.5], "uv_size": [0.5, -0.5]}
							}
						},
						{
							"origin": [-0.68, 0.3, -1.5],
							"size": [0.41, 0.05, 1],
							"pivot": [0, -0.3875, -1],
							"rotation": [0, -90, 0],
							"uv": {
								"north": {"uv": [13, 6], "uv_size": [0.5, 0.5]},
								"south": {"uv": [7, 13], "uv_size": [0.5, 0.5]},
								"up": {"uv": [11, 0], "uv_size": [0.5, 1]}
							}
						},
						{
							"origin": [-0.54447, 0.3, -1.16264],
							"size": [0.41719, 0.05, 0.99702],
							"pivot": [0, -0.3875, -1],
							"rotation": [0, -135, 0],
							"uv": {
								"north": {"uv": [13, 7], "uv_size": [0.5, 0.5]},
								"south": {"uv": [8, 13], "uv_size": [0.5, 0.5]},
								"up": {"uv": [1, 11], "uv_size": [0.5, 1]}
							}
						},
						{
							"origin": [-0.54447, 0.3, -1.83438],
							"size": [0.41719, 0.05, 0.99702],
							"pivot": [0, -0.3875, -1],
							"rotation": [0, -45, 0],
							"uv": {
								"north": {"uv": [13, 8], "uv_size": [0.5, 0.5]},
								"south": {"uv": [9, 13], "uv_size": [0.5, 0.5]},
								"up": {"uv": [11, 1], "uv_size": [0.5, 1]}
							}
						},
						{
							"origin": [-0.205, 0.3, -1.975],
							"size": [0.41, 0.05, 1],
							"uv": {
								"north": {"uv": [13, 9], "uv_size": [0.5, 0.5]},
								"south": {"uv": [10, 13], "uv_size": [0.5, 0.5]},
								"up": {"uv": [2, 11], "uv_size": [0.5, 1]}
							}
						},
						{
							"origin": [-0.75, -0.03324, -2.40521],
							"size": [1.5, 0.1, 0.175],
							"pivot": [0, -0.3875, -1],
							"rotation": [-10, 0, 0],
							"uv": {
								"north": {"uv": [8, 6], "uv_size": [1.5, 0.5]},
								"east": {"uv": [13, 10], "uv_size": [0.5, 0.5]},
								"west": {"uv": [11, 13], "uv_size": [0.5, 0.5]},
								"up": {"uv": [8, 8], "uv_size": [1.5, 0.5]},
								"down": {"uv": [0, 9.5], "uv_size": [1.5, -0.5]}
							}
						},
						{
							"origin": [0.13284, 0.275, -0.61109],
							"size": [0.15, 0.175, 0.15],
							"pivot": [0, -0.3875, -1],
							"rotation": [0, 45, 0],
							"uv": {
								"north": {"uv": [13, 11], "uv_size": [0.5, 0.5]},
								"east": {"uv": [12, 13], "uv_size": [0.5, 0.5]},
								"south": {"uv": [13, 12], "uv_size": [0.5, 0.5]},
								"west": {"uv": [13, 13], "uv_size": [0.5, 0.5]},
								"up": {"uv": [0, 14], "uv_size": [0.5, 0.5]}
							}
						},
						{
							"origin": [-0.53891, 0.275, -1.28284],
							"size": [0.15, 0.175, 0.15],
							"pivot": [0, -0.3875, -1],
							"rotation": [0, 45, 0],
							"uv": {
								"north": {"uv": [14, 0], "uv_size": [0.5, 0.5]},
								"east": {"uv": [1, 14], "uv_size": [0.5, 0.5]},
								"south": {"uv": [14, 1], "uv_size": [0.5, 0.5]},
								"west": {"uv": [2, 14], "uv_size": [0.5, 0.5]},
								"up": {"uv": [14, 2], "uv_size": [0.5, 0.5]}
							}
						},
						{
							"origin": [-1.09602, 0, -0.8258],
							"size": [0.075, 0.475, 0.144],
							"pivot": [0, -0.3875, -1],
							"rotation": [0, 45, 0],
							"uv": {
								"east": {"uv": [3, 14], "uv_size": [0.5, 0.5]},
								"up": {"uv": [14, 3], "uv_size": [0.5, 0.5]},
								"down": {"uv": [4, 14.5], "uv_size": [0.5, -0.5]}
							}
						},
						{
							"origin": [-0.55, 0, -0.1],
							"size": [1.1, 0.475, 0.1],
							"uv": {
								"south": {"uv": [11, 2], "uv_size": [1, 0.5]},
								"up": {"uv": [3, 11], "uv_size": [1, 0.5]},
								"down": {"uv": [11, 3.5], "uv_size": [1, -0.5]}
							}
						},
						{
							"origin": [-0.65, 0, -0.95],
							"size": [1.3, 0.3, 0.275],
							"uv": {
								"down": {"uv": [9, 0.5], "uv_size": [1.5, -0.5]}
							}
						},
						{
							"origin": [1.2685, 0, -1.42426],
							"size": [0.075, 0.2, 0.144],
							"pivot": [0, -0.3875, -1],
							"rotation": [0, 45, 0],
							"uv": {
								"west": {"uv": [14, 4], "uv_size": [0.5, 0.5]},
								"down": {"uv": [5, 14.5], "uv_size": [0.5, -0.5]}
							}
						},
						{
							"origin": [-1.3435, 0, -1.42426],
							"size": [0.075, 0.2, 0.144],
							"pivot": [0, -0.3875, -1],
							"rotation": [0, -45, 0],
							"uv": {
								"east": {"uv": [14, 5], "uv_size": [0.5, 0.5]},
								"down": {"uv": [6, 14.5], "uv_size": [0.5, -0.5]}
							}
						},
						{
							"origin": [-0.65, 0, -2.25],
							"size": [1.3, 0.3, 0.1],
							"uv": {
								"north": {"uv": [9, 1], "uv_size": [1.5, 0.5]},
								"up": {"uv": [2, 9], "uv_size": [1.5, 0.5]},
								"down": {"uv": [9, 2.5], "uv_size": [1.5, -0.5]}
							}
						},
						{
							"origin": [-0.65, 0, -0.675],
							"size": [1.3, 0.475, 0.575],
							"uv": {
								"east": {"uv": [14, 6], "uv_size": [0.5, 0.5]},
								"west": {"uv": [7, 14], "uv_size": [0.5, 0.5]},
								"up": {"uv": [9, 3], "uv_size": [1.5, 0.5]},
								"down": {"uv": [4, 9.5], "uv_size": [1.5, -0.5]}
							}
						},
						{
							"origin": [1.02102, 0, -0.8258],
							"size": [0.075, 0.475, 0.144],
							"pivot": [0, -0.3875, -1],
							"rotation": [0, -45, 0],
							"uv": {
								"north": {"uv": [14, 7], "uv_size": [0.5, 0.5]},
								"west": {"uv": [8, 14], "uv_size": [0.5, 0.5]},
								"up": {"uv": [14, 8], "uv_size": [0.5, 0.5]},
								"down": {"uv": [9, 14.5], "uv_size": [0.5, -0.5]}
							}
						},
						{
							"origin": [-0.7, 0.38755, -1.16186],
							"size": [1.4, 0.2, 0.2],
							"pivot": [0, -0.3875, -1],
							"rotation": [-45, 0, 0],
							"uv": {
								"north": {"uv": [6, 9], "uv_size": [1.5, 0.5]},
								"east": {"uv": [14, 9], "uv_size": [0.5, 0.5]},
								"south": {"uv": [9, 7], "uv_size": [1.5, 0.5]},
								"west": {"uv": [10, 14], "uv_size": [0.5, 0.5]},
								"up": {"uv": [8, 9], "uv_size": [1.5, 0.5]},
								"down": {"uv": [0, 10.5], "uv_size": [1.5, -0.5]}
							}
						},
						{
							"origin": [0.46569, 0.475, -0.53431],
							"size": [0.2, 0.025, 0.2],
							"pivot": [0, -0.3875, -1],
							"rotation": [0, -45, 0],
							"uv": {
								"north": {"uv": [14, 10], "uv_size": [0.5, 0.5]},
								"east": {"uv": [11, 14], "uv_size": [0.5, 0.5]},
								"south": {"uv": [14, 11], "uv_size": [0.5, 0.5]},
								"west": {"uv": [12, 14], "uv_size": [0.5, 0.5]},
								"up": {"uv": [14, 12], "uv_size": [0.5, 0.5]}
							}
						},
						{
							"origin": [-0.25, 0.2, -0.875],
							"size": [0.5, 0.275, 0.2],
							"uv": {
								"north": {"uv": [13, 14], "uv_size": [0.5, 0.5]},
								"up": {"uv": [14, 13], "uv_size": [0.5, 0.5]}
							}
						},
						{
							"origin": [-0.55317, 0.2, -1.08838],
							"size": [0.288, 0.275, 0.15],
							"pivot": [0, -0.3875, -1],
							"rotation": [0, 45, 0],
							"uv": {
								"north": {"uv": [14, 14], "uv_size": [0.5, 0.5]},
								"up": {"uv": [0, 15], "uv_size": [0.5, 0.5]}
							}
						},
						{
							"origin": [0.26517, 0.2, -1.08838],
							"size": [0.288, 0.275, 0.15],
							"pivot": [0, -0.3875, -1],
							"rotation": [0, -45, 0],
							"uv": {
								"north": {"uv": [15, 0], "uv_size": [0.5, 0.5]},
								"up": {"uv": [1, 15], "uv_size": [0.5, 0.5]}
							}
						},
						{
							"origin": [-0.65, 0.13289, -0.61294],
							"size": [1.3, 0.05, 0.325],
							"pivot": [0, -0.3875, -1],
							"rotation": [30, 0, 0],
							"uv": {
								"up": {"uv": [2, 10], "uv_size": [1.5, 0.5]}
							}
						},
						{
							"origin": [-0.75, -0.0781, -2.3371],
							"size": [0.1, 0.25, 0.5],
							"pivot": [0, -0.3875, -1],
							"rotation": [-45, 0, 0],
							"uv": {
								"east": {"uv": [15, 1], "uv_size": [0.5, 0.5]},
								"west": {"uv": [2, 15], "uv_size": [0.5, 0.5]},
								"up": {"uv": [15, 2], "uv_size": [0.5, 0.5]}
							}
						},
						{
							"origin": [-0.75, 0.3, -2.15],
							"size": [0.1, 0.87, 0.6],
							"uv": {
								"east": {"uv": [4, 11], "uv_size": [0.5, 1]},
								"south": {"uv": [11, 4], "uv_size": [0.5, 1]},
								"west": {"uv": [5, 11], "uv_size": [0.5, 1]}
							}
						}
					]
				}
			]
		}
	]
}